title,video_id,views,likes,upload_date,fetch_date
E3 2013,Y7DzZwAP2H8,1402094,33094,2013-06-12T00:43:51Z,2025-04-29T18:24:46Z
More Prop Hunt,W1x8br9H1Z4,3847419,50086,2013-09-15T03:24:27Z,2025-04-29T18:24:46Z
Car Stealers Five,a-5uEbrQR3s,11653281,188421,2013-09-25T01:44:53Z,2025-04-29T18:24:46Z
Splinter Cell : The Twin Cells,XufKgP5saUQ,3971805,49487,2013-10-14T20:20:26Z,2025-04-29T18:24:46Z
Batman Beyond : Return of Green Goblin,fZR0SNAthIU,3407600,73763,2013-11-08T03:52:03Z,2025-04-29T18:24:46Z
Bubsy 3D 2,_WLIA-z2GVU,1798458,32258,2013-12-03T22:14:41Z,2025-04-29T18:24:46Z
Zelda : Ocarina of Time - Review,3u4PCz_Q4jw,1480825,37612,2014-02-19T07:23:38Z,2025-04-29T18:24:46Z
Nintendogs : Playthrough (Part 3),BUUyae8vmmQ,1438935,28245,2014-06-01T23:48:57Z,2025-04-29T18:24:46Z
E3 2014,gbrWW08msFg,2419697,44286,2014-06-12T03:46:23Z,2025-04-29T18:24:46Z
Click,Rz6jHTpi6zw,5727686,106137,2014-06-29T19:15:45Z,2025-04-29T18:24:46Z
Smash Brothers 4 (dunkview),OZMBjYSjjTM,3744191,67151,2014-10-10T14:33:32Z,2025-04-29T18:24:46Z
Top 10 Music Videos,3dC7F2TLkRA,2091098,49129,2014-10-27T19:32:36Z,2025-04-29T18:24:46Z
Relaxing Space Safari,EX9aDLjKYww,1669998,59035,2014-12-09T21:00:09Z,2025-04-29T18:24:46Z
Spedunky,N1uiLR6luWo,7000193,99173,2015-01-03T21:00:01Z,2025-04-29T18:24:46Z
Uncharted 4 - Exclusive Demo,kQShIMS9R6I,2195274,48065,2015-01-20T20:38:33Z,2025-04-29T18:24:46Z
GoatZ Simulator,SyphzxruFeo,4472003,88991,2015-05-10T19:30:00Z,2025-04-29T18:24:46Z
Dungee Double Feature,oXkbUe3yKz8,5472930,131499,2016-01-26T20:30:01Z,2025-04-29T18:24:46Z
Dunkuza 3,__zGnZtL53Q,5764704,144908,2016-02-04T20:30:00Z,2025-04-29T18:24:46Z
The Sonic Legacy,ZgsByqwaC5k,4657954,118738,2016-02-16T20:30:00Z,2025-04-29T18:24:46Z
Winston's Day Off,nFLNmPLRxyI,7138924,125715,2016-02-23T20:30:00Z,2025-04-29T18:24:46Z
E3 2016,z3RKj9-X8dg,4467103,98504,2016-06-16T19:30:01Z,2025-04-29T18:24:46Z
SUPER DUPER MARIO MAKER GO 4 DEAD with Franklin,i6RV8O4Q9rc,9227408,163638,2016-07-14T19:30:00Z,2025-04-29T18:24:46Z
Dead Rise 2,VELVomIF2Ts,6217229,122659,2016-08-26T19:30:00Z,2025-04-29T18:24:46Z
The Battlefield 1 Experience,W1YDaSw8gDM,7133621,170338,2016-10-21T19:30:02Z,2025-04-29T18:24:46Z
Report from Hell,3tpQGRpoB58,4135032,132448,2016-10-28T19:30:00Z,2025-04-29T18:24:46Z
Youtube Rewind 2016,9OxnkKqsDI8,4168770,176906,2016-12-13T20:30:00Z,2025-04-29T18:24:46Z
Jampack Vol. 1,XQDw1hlU99E,10837656,198946,2017-03-02T20:30:02Z,2025-04-29T18:24:46Z
Cute Robot Game,HlSpfIx3wIA,9221087,229648,2017-03-21T19:30:00Z,2025-04-29T18:24:46Z
Super Slambo Boys,CqRFXQJ2ghQ,9248129,173029,2017-04-28T19:30:01Z,2025-04-29T18:24:46Z
Injustice 2,nSYWIh7ajR4,11534281,236766,2017-06-01T19:30:02Z,2025-04-29T18:24:46Z
Portal 2 : World Record,a5Ck2qNAGmw,7528353,164240,2017-06-07T19:30:00Z,2025-04-29T18:24:46Z
Overguy : Rise of the Riddler,fVfT0z90Oko,8089124,159441,2017-06-29T19:30:30Z,2025-04-29T18:24:46Z
Splatoon 2,vprjSFyDpV0,7069056,175319,2017-07-27T19:30:01Z,2025-04-29T18:24:46Z
Steam Winner's Collection,6ZDBDWAt1DI,7849000,172807,2017-08-04T19:30:01Z,2025-04-29T18:24:46Z
Battle Beasts,ipFCPsaVRc8,5226278,195592,2017-09-16T19:30:00Z,2025-04-29T18:24:46Z
Metroid : Samus Returns (dunkview),ksQA0vgKF_A,6138643,137021,2017-09-26T19:30:00Z,2025-04-29T18:24:46Z
Doomberwatch,40hln85PONY,7699608,149958,2017-10-03T19:30:00Z,2025-04-29T18:24:46Z
Collector's Edition,OzXm5A2dq3g,6632473,212229,2017-10-28T19:30:00Z,2025-04-29T18:24:46Z
Mario Odyssey Tips and Tricks,5LWnvV0Umvo,11341320,227191,2017-12-07T20:30:00Z,2025-04-29T18:24:46Z
Xenoblade 2 : JRPG Chronicles,fiVZMxf4E2Q,8115334,212893,2017-12-14T20:30:01Z,2025-04-29T18:24:46Z
Beasts of Rage,EQRuWJT0MLI,7176784,181173,2018-01-19T20:30:00Z,2025-04-29T18:24:46Z
Celeste (dunkview),qHLizp8fARo,7453885,214951,2018-01-25T20:30:01Z,2025-04-29T18:24:46Z
Shadow of the Colossus (dunkview),Ji_slRovrmk,7142590,186853,2018-02-13T20:30:00Z,2025-04-29T18:24:46Z
Dragonballz Z Fighterz Z,N7r_PZP6T3s,7838947,184482,2018-03-07T20:30:01Z,2025-04-29T18:24:46Z
A Way Out,NB9EqUiLhq4,5786453,183712,2018-04-18T19:30:00Z,2025-04-29T18:24:46Z
Nintendo Labo,Of9GOMM9HPg,5333664,190262,2018-05-06T19:30:01Z,2025-04-29T18:24:46Z
Donkey Kong TV Show,WDQNWYOogOI,7728629,241643,2018-06-04T19:30:00Z,2025-04-29T18:24:46Z
Enter the Gungeon (dunkview),ryQpA86ZC8U,6923428,201396,2018-06-26T19:30:01Z,2025-04-29T18:24:46Z
Waluigi Tennis,iH08rrt38m8,7503878,189444,2018-07-03T19:30:00Z,2025-04-29T18:24:46Z
Bubsy 3D,NHjJPAkPzYU,5799088,163791,2018-07-18T19:30:02Z,2025-04-29T18:24:46Z
Bookworm Adventures Deluxe,dLmszhDOkBE,6698640,244784,2018-07-27T19:30:00Z,2025-04-29T18:24:46Z
Spyparty,TvO5epO-298,9059174,229951,2018-08-09T19:30:00Z,2025-04-29T18:24:46Z
Captain Toad Treasure Tracker (dunkview),okYcCeYBPUk,5547569,164987,2018-08-14T19:30:00Z,2025-04-29T18:24:46Z
The Majestic World of Dolphins,MdRLVgRRce8,3793486,186529,2018-08-27T19:30:01Z,2025-04-29T18:24:46Z
Mario's Balloon World,hKd3Ui8f0-c,8566855,216613,2018-09-14T19:30:00Z,2025-04-29T18:24:46Z
Hamston Checks Out,-Wv6okd57t8,6475369,192081,2018-10-02T19:30:00Z,2025-04-29T18:24:46Z
Dunkey Halloween Special,G6KXLtn6OHU,4754244,154875,2018-10-25T20:00:00Z,2025-04-29T18:24:46Z
Jackbox : Shark Tank,4wJF2ni96Xg,6140558,196961,2018-11-26T20:30:00Z,2025-04-29T18:24:46Z
Super Seducer 2,iNkkMMaXSBI,5384108,216671,2018-12-23T20:30:00Z,2025-04-29T18:24:46Z
Resident Evil 2,7c9L4TQls5w,6475028,194214,2019-02-16T20:30:00Z,2025-04-29T18:24:46Z
Tribute to Reggie,xFnFiJAmADc,4394948,269936,2019-03-02T21:45:00Z,2025-04-29T18:24:46Z
Devil May Cry 5 (dunkview),UD6ESrCFEeE,6039734,240392,2019-03-19T19:30:00Z,2025-04-29T18:24:46Z
Xbox Direct 4.1.19,-oKd0ilJEKs,4033383,169768,2019-04-01T16:30:01Z,2025-04-29T18:24:46Z
Webkinz,UWUYvyatLp0,3918521,143567,2019-04-08T19:30:00Z,2025-04-29T18:24:46Z
Top 10 Jokers,L17uPcEUfyc,4290134,194257,2019-06-07T19:30:01Z,2025-04-29T18:24:46Z
Ghoul's Mansion,wHP7v_vHE7w,4809757,151130,2019-06-23T19:30:00Z,2025-04-29T18:24:46Z
League and Dota Auto Chess,j-N8YuYUDQs,5044522,152082,2019-06-29T19:30:00Z,2025-04-29T18:24:46Z
Minecraft Speedrun (World Record) (Ratatouille),Kl0-WESlJrM,4864955,243372,2019-08-08T19:30:00Z,2025-04-29T18:24:46Z
Mario Maker 2 : Revenge of RubberRoss,8iSIoTLauEU,6867895,219489,2019-08-23T19:30:02Z,2025-04-29T18:24:46Z
Whiplash and La La Land,pKYeAN-_wFI,4794800,276246,2019-08-30T19:30:01Z,2025-04-29T18:24:46Z
Gears 5,GwRcSyOoBj4,5181015,143672,2019-09-11T19:30:00Z,2025-04-29T18:24:46Z
Dragon Quest XI (dunkview),_tsFZ8F_qcY,5292240,166912,2019-10-11T19:30:00Z,2025-04-29T18:24:46Z
WWE 2K20,hPu7aLcZVTY,5214052,174230,2019-10-29T19:30:01Z,2025-04-29T18:24:46Z
Designing Merch for Kanye West,nxIvg0y6vCY,3923431,172641,2019-10-31T19:53:01Z,2025-04-29T18:24:46Z
Jackbox : Who's the Alien ?,uTe9zlzjIcQ,5989299,148151,2019-11-30T20:30:01Z,2025-04-29T18:24:46Z
Ultimate Red Dead Redemption 2,IoyTGoyiSds,3821960,184681,2020-01-10T20:30:01Z,2025-04-29T18:24:46Z
Mom Hid My Game,Qn1TReY-Am4,6976720,230556,2020-02-09T20:30:01Z,2025-04-29T18:24:46Z
Twitter,Q5ysxb_nL7w,4021635,254813,2020-02-29T18:00:02Z,2025-04-29T18:24:46Z
More Dreams,KPCN34nwv3U,5554451,194899,2020-03-07T20:30:00Z,2025-04-29T18:24:46Z
Half Life : Alyx,KfFAgD7uIvk,5817308,224920,2020-03-26T19:30:02Z,2025-04-29T18:24:46Z
Nioh 2 Fun Game,d97XsNAvKAo,7559971,208495,2020-03-30T22:15:00Z,2025-04-29T18:24:46Z
Mystery of the removed game Cooking Mama Cookstar,bMDeKarwTv8,3310733,137873,2020-04-06T02:29:46Z,2025-04-29T18:24:46Z
Doom Eternal (dunkview),7QWUnsxwAYs,5892841,229269,2020-04-21T19:30:02Z,2025-04-29T18:24:46Z
Book Drawer Online,o2cX719XCgE,3317035,116660,2020-05-23T19:30:01Z,2025-04-29T18:24:46Z
The Last of Us Part II (dunkview),I7OcL8j6rhk,6785920,355775,2020-06-23T19:45:01Z,2025-04-29T18:24:46Z
Rocket League 2020,WMfpKQaZKhg,4158590,169126,2020-07-15T19:30:01Z,2025-04-29T18:24:46Z
Paper Mario and the Origami Salami,6notqS434xg,5222549,194037,2020-07-30T19:30:00Z,2025-04-29T18:24:46Z
Ghost of Tsushima,s2GhFL7fZio,5200489,215693,2020-08-09T19:30:01Z,2025-04-29T18:24:46Z
Worms,dW0QCU3RPtY,4770890,175062,2020-08-26T00:30:02Z,2025-04-29T18:24:46Z
The Sopranos for PS2,XZp6zxh2yjE,5507321,224740,2020-09-28T19:30:01Z,2025-04-29T18:24:46Z
Among Us : Single Player,oz9w8FkjIRs,3998567,256957,2020-10-04T19:30:02Z,2025-04-29T18:24:46Z
Ghost Hunters 3D,DNJ59hiUd-s,4815093,171280,2020-10-14T03:00:01Z,2025-04-29T18:24:46Z
Jackbox : Drawbo Mode,a3cw0oz6IIQ,2647458,101294,2020-10-23T19:30:00Z,2025-04-29T18:24:46Z
Spedunky 2,qNtK4-1uAi4,2882550,128601,2020-11-10T20:30:00Z,2025-04-29T18:24:46Z
Reacting to the FAKEST GAMER EVER !?,iGOMViJlQmE,4237674,463710,2020-12-05T01:30:07Z,2025-04-29T18:24:46Z
Minecraft but Donkey Kongs STEALS my DIAMONDS?!,aCN4sKv9esM,4422438,334798,2020-12-06T01:15:00Z,2025-04-29T18:24:46Z
"I Made a $1,000,000 Among Us 1v1 Tournament",ZLIQfdAnpKY,3041341,297043,2020-12-07T01:45:00Z,2025-04-29T18:24:46Z
LOGAN PAUL gets JAR OF PEANUT BUTTER thrown at his HEAD?,q5UnT4Ik6KU,3303142,328315,2020-12-08T01:45:00Z,2025-04-29T18:24:46Z
I'm Done with Among Us Tuesdays,MIchMEqVwvg,3122040,273262,2020-12-09T01:30:03Z,2025-04-29T18:24:46Z
Minecraft Gun Speedrun (I SHOT THE ENDER DRAGON),z3TzXvcFy1o,3314838,259591,2020-12-10T00:15:01Z,2025-04-29T18:24:46Z
Playing AMONG US in ROBLOX ?!?!,gjIMrVti1qM,3150851,192380,2020-12-11T00:00:08Z,2025-04-29T18:24:46Z
Reacting to Reacting to the FAKEST GAMER EVER !?,MrciXNtHIm8,3117023,320180,2020-12-11T20:30:02Z,2025-04-29T18:24:46Z
Funny Panda Sunday üêº [EPIC LAUGHS],GlGkzb6uoaM,2430607,209467,2020-12-13T23:15:00Z,2025-04-29T18:24:46Z
Minecraft Speedrunner Dream BUSTED for CHEATING (drama),Lr7JFvQLacA,3985928,284110,2020-12-15T01:45:00Z,2025-04-29T18:24:46Z
Cybermage (dunkview),stlfQNzKdbc,2451315,163801,2020-12-22T23:15:02Z,2025-04-29T18:24:46Z
My Apology to Dream,xGf21NNJva8,4024879,263907,2020-12-25T01:45:04Z,2025-04-29T18:24:46Z
"EPIC $50,000,000 GAMING COMPOUND",h4SMSCKOXO8,4563969,254225,2020-12-29T01:15:00Z,2025-04-29T18:24:46Z
Mortal Kombat,i59JzvLu4I4,3602482,193710,2021-01-06T20:30:05Z,2025-04-29T18:24:46Z
Mortal Kombat 4,e3D5uPCXTaA,4119029,208482,2021-01-08T00:00:17Z,2025-04-29T18:24:46Z
Mortal Kombat Clones,bxg9tAru3IQ,3381382,154290,2021-01-12T20:30:01Z,2025-04-29T18:24:46Z
The Shadow Organization Behind Groundhog's Day,gTXNnzfdlLQ,1999386,154295,2021-02-26T20:30:06Z,2025-04-29T18:24:46Z
Hardest Game on the Hardest Difficulty,g4Gpn2IzvJQ,5535646,197390,2021-03-07T20:30:01Z,2025-04-29T18:24:46Z
The Typing of the Dead,3VNKlKu7gb0,2723995,165246,2021-03-30T19:30:01Z,2025-04-29T18:24:46Z
"""Professional"" Rap Critic Reviews My Song",j_E7_LC-t88,3419492,189653,2021-05-22T01:15:00Z,2025-04-29T18:24:46Z
Resident Evil Village FAQ,4uQjE3A2RQA,4151740,169294,2021-05-29T20:00:01Z,2025-04-29T18:24:46Z
Taking Back my Apology to Dream,tWWRTcLsYQU,3371758,257736,2021-05-31T23:30:04Z,2025-04-29T18:24:46Z
Ratchet and Clank : Rift Apart (dunkview),3gdfNdilGFE,3661790,157697,2021-06-28T19:30:01Z,2025-04-29T18:24:46Z
Re-apologizing to Dream,tWoWvkmfK38,2816543,224190,2021-07-09T19:30:08Z,2025-04-29T18:24:46Z
Where Ebay Games Come From,qteWNccZvg0,3287026,174194,2021-07-20T01:00:09Z,2025-04-29T18:24:46Z
Tom Clancy's Cruelty Squad,aGlDnY7GQPU,2961536,136500,2021-07-26T19:45:00Z,2025-04-29T18:24:46Z
Getting to Top Rank in Guilty Gear,kEiuRdCZ8UA,3990114,168857,2021-08-04T21:45:03Z,2025-04-29T18:24:46Z
Tekken (dunkview),4KXqQT4JLIQ,3256500,143782,2021-08-25T19:30:01Z,2025-04-29T18:24:46Z
Defeating a Cheating A.I.,yRiZ1MoAa5c,3542894,143909,2021-09-04T19:30:04Z,2025-04-29T18:24:46Z
Naming Every Call of Duty Map,mjA_4n8IbRs,2862121,126289,2021-09-10T19:30:02Z,2025-04-29T18:24:46Z
Metroid Dread,UV2ofHNLQa4,3378341,155766,2021-10-30T19:30:01Z,2025-04-29T18:24:46Z
Goblins are Real,HSRY0CdeOl0,2732052,160012,2021-11-07T20:30:00Z,2025-04-29T18:24:46Z
Donkey Kong December,KuvDsT4sRzU,3029978,194913,2021-12-01T20:30:03Z,2025-04-29T18:24:46Z
The 7th annual Muffin Tier List,c4sB4endNFI,2218249,141866,2021-12-08T02:15:00Z,2025-04-29T18:24:46Z
Horizon Forbidden Game,Q38fjcyP1IQ,4858502,213405,2022-02-24T20:00:06Z,2025-04-29T18:24:46Z
Tekken 2 (dunkview),OcJB9GWRq9Q,3258751,139068,2022-04-21T16:00:23Z,2025-04-29T18:24:46Z
Franken RPG,o2TdptvwVKQ,3838504,175854,2022-05-09T19:00:15Z,2025-04-29T18:24:46Z
Mayrio 64,ZsNPUaYV4PM,4054822,172628,2022-05-18T19:00:11Z,2025-04-29T18:24:46Z
Extreme Construction Truck Battle,Qphzma9v7hk,2589820,130398,2022-06-11T18:45:00Z,2025-04-29T18:24:46Z
Neon White (dunkview),GDD-zGFlm3Q,3131106,150181,2022-06-29T19:30:03Z,2025-04-29T18:24:46Z
MultiVersus of Badness,pJ0vXdG4T1k,4138792,178372,2022-08-07T16:30:16Z,2025-04-29T18:24:46Z
Dunkuza Kiwami,uwI9qmu4A5k,3321474,138050,2022-08-15T17:00:30Z,2025-04-29T18:24:46Z
The MultiVersus Killer,6n2egb45C7E,3085431,156763,2022-08-23T17:00:03Z,2025-04-29T18:24:46Z
Splatoon 3 Will Change the World,2p2JcCoh1CU,2647781,141853,2022-09-12T19:30:01Z,2025-04-29T18:24:46Z
The GTA VI Leak,YhE4q8OmWs0,5233201,242684,2022-09-18T22:30:05Z,2025-04-29T18:24:46Z
Overwatch 2 a Pathetic Sequel,Spi8Pfg4ozM,4762558,230380,2022-10-14T19:30:01Z,2025-04-29T18:24:46Z
Donkey Kong,-x7g1EHdjvc,2448648,126054,2022-12-07T20:30:00Z,2025-04-29T18:24:46Z
Donkey Kong 64,fDRFOYRTT04,2736784,124811,2022-12-16T20:30:02Z,2025-04-29T18:24:46Z
Donkey Kong Jungle Beat,MKjYYsZzyGA,2090208,101011,2022-12-21T20:30:02Z,2025-04-29T18:24:46Z
Donkey Kong Tropical Freeze,ey3hbsynrPI,2878637,134409,2022-12-28T20:30:06Z,2025-04-29T18:24:46Z
Yakuza: Like a Dragon (dunkview),wOz1tdqVvKU,2674340,113720,2023-01-25T20:30:07Z,2025-04-29T18:24:46Z
WHY the GAMECUBE is FAILING,5jUcqskbOj8,2653839,140847,2023-02-07T20:45:00Z,2025-04-29T18:24:46Z
Resident Evil 4,sKF8nYGx27Q,3245495,137162,2023-04-08T19:30:03Z,2025-04-29T18:24:46Z
Blade 2 for PS2,ML37hWDdfRs,2503604,110176,2023-05-02T19:30:03Z,2025-04-29T18:24:46Z
Is Street Fighter 6 better than Gollum?,sZaKNXNsWWo,3272631,141605,2023-06-12T20:00:15Z,2025-04-29T18:24:46Z
The Smartest NPCs in Gaming,Kw51fkRiKZU,2553046,123474,2023-07-24T19:30:02Z,2025-04-29T18:24:46Z
The Best Pizza from Every State,_e8sH65X-hc,2192833,120268,2023-08-12T19:30:03Z,2025-04-29T18:24:46Z
Armored Core VI (dunkview),Erj_sp8KObs,2761814,119247,2023-08-31T19:30:01Z,2025-04-29T18:24:46Z
How to be a Good Game Reviewer,kAIVMhja4CI,2757046,140413,2023-09-14T19:30:02Z,2025-04-29T18:24:46Z
Mortal Kombat 1 (Mortal Kombat 12),TRiOjUh6DbY,2308402,123352,2023-09-21T19:30:04Z,2025-04-29T18:24:46Z
The Madden Legacy,7GUnZEr82rU,1610282,75843,2023-10-05T19:30:01Z,2025-04-29T18:24:46Z
Cocoon (dunkview),efgBO69P1Kw,1638136,118377,2023-10-19T19:30:05Z,2025-04-29T18:24:46Z
Gamers Review Spider-Man 2,3MVohpYMrbQ,2951018,131300,2023-10-29T19:30:00Z,2025-04-29T18:24:46Z
Hidden Gems : Dinobreak and Robocop,lhYuY_rCvpc,2213159,112044,2023-11-13T20:30:04Z,2025-04-29T18:24:46Z
Alan Wake 2,7_GVjTHtmlU,1964519,88539,2023-11-29T20:30:00Z,2025-04-29T18:24:46Z
Avatar : Lies of Humanity,KWMq8_16G7s,2893913,118396,2023-12-16T20:30:01Z,2025-04-29T18:24:46Z
The Dude from Yakuza Who Forgot His Own Name,GSDetjf9Gxc,2298872,86578,2023-12-24T20:30:02Z,2025-04-29T18:24:46Z
Bigmode Game Jam 2023,yPhNzYCQtCc,2106287,90716,2024-01-25T20:30:06Z,2025-04-29T18:24:46Z
Tekken 8 : Kuma's Revenge,25kZXCwNL1s,2149929,103819,2024-02-03T20:30:00Z,2025-04-29T18:24:46Z
Dunkuza 8 Unlimited Money,ez1A2rfO03k,2230504,87507,2024-02-14T20:30:03Z,2025-04-29T18:24:46Z
Final Fantasy VII Rebirth,XoiERpwyy6Y,2141166,85714,2024-03-05T20:30:07Z,2025-04-29T18:24:46Z
Penny's Big Breakaway,Cu0akj9uxyM,1539682,70810,2024-03-08T20:30:01Z,2025-04-29T18:24:46Z
P4YD4Y 4,IVt6zRt0vM8,1840137,73049,2024-03-16T20:30:02Z,2025-04-29T18:24:46Z
Making the Most Viral Video on Youtube,M7qxm0NomqI,1635475,84146,2024-04-06T19:30:01Z,2025-04-29T18:24:46Z
Crazy Taxi is one of the craziest games,IjoiaKngj2g,1796989,86673,2024-04-14T19:30:01Z,2025-04-29T18:24:46Z
Puppet Master PvP (Puppet vs Puppet),fDlO-2J90D0,1125575,49142,2024-04-22T19:30:06Z,2025-04-29T18:24:46Z
The Promo Campaign for Animal Well,b3tgxwdSjRI,1058647,67748,2024-05-06T19:30:02Z,2025-04-29T18:24:46Z
Quickest and Easiest Recipe,xazU4G0Q3Ig,1078602,67760,2024-05-07T19:30:08Z,2025-04-29T18:24:46Z
Elden Wing,QzMBAzxfvTg,1941700,79908,2024-07-06T19:30:04Z,2025-04-29T18:24:46Z
is Luigi's Mansion 2 Too Scary?,y6ze1f3cqXE,1390370,67430,2024-07-14T19:30:04Z,2025-04-29T18:24:46Z
Earth Defense Force 6,HuNBDVXiv5k,1561601,70311,2024-08-16T19:30:00Z,2025-04-29T18:24:46Z
The Slickness of Tekken 3,WKhZQwWz6wU,1406189,63994,2024-08-30T19:30:02Z,2025-04-29T18:24:46Z
Marvel vs Capcom Fighting Collection,OKBmmfY5eZQ,1573552,72649,2024-09-15T20:30:01Z,2025-04-29T18:24:46Z
The Making of Pickles,dCiws9MH4AM,1149718,84496,2024-09-17T19:30:04Z,2025-04-29T18:24:46Z
The Plucky Squire,q2XnokUCuGI,1233676,64078,2024-09-18T19:30:04Z,2025-04-29T18:24:46Z
The Truth Behind Why I'm Uploading More,xicb3pfzFok,1561040,130669,2024-09-19T19:30:04Z,2025-04-29T18:24:46Z
UFO 50,NaNM3biswfA,1574523,65498,2024-09-27T19:30:02Z,2025-04-29T18:24:46Z
The Ghost Master: Building Number 5,PrMefMS60dU,762712,46578,2024-10-04T19:30:01Z,2025-04-29T18:24:46Z
Rivals of Aether 2 - Million Dollar Matches,ekwXdEIw_YU,1207791,54289,2024-10-06T19:30:06Z,2025-04-29T18:24:46Z
Preparing You for Death Stranding 2,Xk2BknwJuBM,1046559,52951,2024-10-08T19:30:03Z,2025-04-29T18:24:46Z
Tekken 8 : Heihachi's Revenge,J4XB0qMB-JY,1059554,55392,2024-10-09T19:30:04Z,2025-04-29T18:24:46Z
Dragon Ball: Sparking Zero,nX1jHtp_KHo,1538558,65349,2024-10-12T19:30:08Z,2025-04-29T18:24:46Z
Metaphor : ReFantazio,vzgDL5E9Ma4,1488988,56798,2024-10-14T19:30:11Z,2025-04-29T18:24:46Z
Donkey Kong Country is a Real Place,KAkONrl5XtU,1133031,60161,2024-11-13T20:30:03Z,2025-04-29T18:24:46Z
Dragon Quest III HD-2D Remake,vF7ojlK1TjA,1247679,52167,2024-11-19T20:30:06Z,2025-04-29T18:24:46Z
Monsters Inc. for PS1,4rAr7cGJQpk,1291946,59930,2024-11-24T20:30:00Z,2025-04-29T18:24:46Z
I Am Beast,suWSaKsGMts,1698144,70729,2024-12-30T20:30:06Z,2025-04-29T18:24:46Z
Dynasty Warriors Origins,R8u3ckGN-I4,1124228,50971,2025-01-16T20:30:02Z,2025-04-29T18:24:46Z
Returning to Donkey Kong Country Returns to Defend Donkey Kong from the Haters,y7zvG-EFr3w,1204118,58967,2025-01-21T20:30:07Z,2025-04-29T18:24:46Z
Star Wars Episode 1: Jedi Power Battles,mrXOhs09ktQ,1108198,44715,2025-02-01T20:30:09Z,2025-04-29T18:24:46Z
i'm definitely doing a video for Pirate Yakuza in Hawaii,qBhNlhjy5Ug,1212682,66066,2025-03-11T19:30:11Z,2025-04-29T18:24:46Z
unleashing the full power of Sonic Unleashed,T68h6vAjNEM,1357533,65172,2025-03-14T20:30:04Z,2025-04-29T18:24:46Z
Split Fiction,AK9fjrJGGjY,1526595,63180,2025-03-20T19:30:01Z,2025-04-29T18:24:46Z
